Metric,Mean,Median,Std,Min,Max
RMSE,1.7823913043478259,1.1549999999999998,2.0592468321034154,0.0,8.04
MAPE,2.312065217391304,1.82,1.2723937275457444,0.0,4.85
