,RMSE,MAE,Directional_Accuracy,Epochs_Trained
AAPL,0.021454530875372337,0.014323060618123228,48.67724867724868,50
